,0
37_17231823231301.png,37_17231823231301.png
37_17231823091301.png,37_17231823091301.png
37_17231823131301.png,37_17231823131301.png
37_17232179141201.png,37_17232179141201.png
37_17231845521201.png,37_17231845521201.png
37_17231822861201.png,37_17231822861201.png
37_17231823121301.png,37_17231823121301.png
37_17231823021201.png,37_17231823021201.png
37_17231823321301.png,37_17231823321301.png
37_17231823351301.png,37_17231823351301.png
37_17231823211301.png,37_17231823211301.png
37_17231823331301.png,37_17231823331301.png
37_17231823001201.png,37_17231823001201.png
37_17231823171301.png,37_17231823171301.png
37_17232179161301.png,37_17232179161301.png
37_17231845101201.png,37_17231845101201.png
37_17231822891201.png,37_17231822891201.png
37_17231822941201.png,37_17231822941201.png
37_17231822901201.png,37_17231822901201.png
37_17231823261301.png,37_17231823261301.png
37_17231823311301.png,37_17231823311301.png
37_17231823151301.png,37_17231823151301.png
