﻿<?xml version = "1.0" encoding = "utf-8"?>
<root>
<batch> 
<field   level = "system" name = "Batch name" value = "PDF694"/>
<field   level = "system" name = "Batch Location" value = "C:\Projetos\Avalia\Digitalizados\"/>
<field   level = "system" name = "Batch size (bytes)" value = "958774"/>
<field   level = "system" name = "Created date &amp; time" value = "2018.12.14 17:44:22"/>
<field   level = "system" name = "Created station ID" value = "1"/>
<field   level = "system" name = "Created station Name" value = "Capture_1"/>
<field   level = "system" name = "Created user ID" value = "sysadmin"/>
<field   level = "system" name = "Output date &amp; time" value = "2018.12.14 17:45:39"/>
<field   level = "system" name = "Output station ID" value = "1"/>
<field   level = "system" name = "Output station Name" value = "Capture_1"/>
<field   level = "system" name = "Output user ID" value = "sysadmin"/>
<field   level = "system" name = "Last modified date &amp; time" value = "2018.12.14 17:45:39"/>
<field   level = "system" name = "Last modified station ID" value = "1"/>
<field   level = "system" name = "Last modified station Name" value = "Capture_1"/>
<field   level = "system" name = "Last modified user ID" value = "sysadmin"/>
<field   level = "system" name = "Starting document ID" value = "1"/>
<field   level = "system" name = "First document ID" value = "1"/>
<field   level = "system" name = "Last document ID" value = "30"/>
<field   level = "system" name = "Document count in batch" value = "30"/>
<field   level = "system" name = "Page count in batch" value = "30"/>
<field   level = "system" name = "Image count in batch" value = "30"/>
<field   level = "system" name = "Black and white image count" value = "30"/>
<field   level = "system" name = "Color image count" value = "0"/>
<field   level = "system" name = "Grayscale image count" value = "0"/>
<field   level = "system" name = "Images captured - front" value = "30"/>
<field   level = "system" name = "Images rescanned - front" value = "0"/>
<field   level = "system" name = "Images removed for blank - front" value = "0"/>
<field   level = "system" name = "Image deleted - front" value = "0"/>
<field   level = "system" name = "Images captured - back" value = "0"/>
<field   level = "system" name = "Images rescanned - back" value = "0"/>
<field   level = "system" name = "Images removed for blank - back" value = "0"/>
<field   level = "system" name = "Image deleted - back" value = "0"/>
<field   level = "batch" name = "TIPO_PROVA" value = "40"/>
</batch> 

</root>